{
    "$schema": "http://schema.management.azure.com/schemas/2015-01-01/deploymentTemplate.json#",
    "contentVersion": "1.0.0.0",
    "parameters": {
        "factoryName": {
            "type": "string",
            "metadata": "Data Factory Name",
            "defaultValue": "msdirwmjp"
        },
        "ABS_WDI_connectionString": {
            "type": "secureString",
            "metadata": "Secure string for 'connectionString' of 'ABS_WDI'"
        },
        "SQL_WDI_connectionString": {
            "type": "secureString",
            "metadata": "Secure string for 'connectionString' of 'SQL_WDI'"
        },
        "ABS_WDI_Health_Countries_properties_typeProperties_fileName": {
            "type": "string",
            "defaultValue": "WDI_Health_Countries.csv"
        },
        "ABS_WDI_Health_Countries_properties_typeProperties_folderPath": {
            "type": "string",
            "defaultValue": "wdi"
        },
        "ABS_WDI_Health_Indicators_properties_typeProperties_fileName": {
            "type": "string",
            "defaultValue": "WDI_Health_Indicators.csv"
        },
        "ABS_WDI_Health_Indicators_properties_typeProperties_folderPath": {
            "type": "string",
            "defaultValue": "wdi"
        },
        "containerUri": {
            "type": "string",
            "metadata": "URI to storage account containing linked ARM templates"
        },
        "containerSasToken": {
            "type": "string",
            "metadata": "Sas Token to storage account containing linked ARM templates"
        }
    },
    "variables": {
        "factoryId": "[concat('Microsoft.DataFactory/factories/', parameters('factoryName'))]"
    },
    "resources": [
        {
            "name": "ArmTemplate_0",
            "type": "Microsoft.Resources/deployments",
            "apiVersion": "2018-02-01",
            "properties": {
                "mode": "incremental",
                "templateLink": {
                    "uri": "[concat(parameters('containerUri'), '/ArmTemplate_0.json', parameters('containerSasToken'))]",
                    "contentVersion": "1.0.0.0"
                },
                "parameters": {
                    "factoryName": {
                        "value": "[parameters('factoryName')]"
                    },
                    "ABS_WDI_connectionString": {
                        "value": "[parameters('ABS_WDI_connectionString')]"
                    },
                    "SQL_WDI_connectionString": {
                        "value": "[parameters('SQL_WDI_connectionString')]"
                    },
                    "ABS_WDI_Health_Countries_properties_typeProperties_fileName": {
                        "value": "[parameters('ABS_WDI_Health_Countries_properties_typeProperties_fileName')]"
                    },
                    "ABS_WDI_Health_Countries_properties_typeProperties_folderPath": {
                        "value": "[parameters('ABS_WDI_Health_Countries_properties_typeProperties_folderPath')]"
                    },
                    "ABS_WDI_Health_Indicators_properties_typeProperties_fileName": {
                        "value": "[parameters('ABS_WDI_Health_Indicators_properties_typeProperties_fileName')]"
                    },
                    "ABS_WDI_Health_Indicators_properties_typeProperties_folderPath": {
                        "value": "[parameters('ABS_WDI_Health_Indicators_properties_typeProperties_folderPath')]"
                    }
                }
            },
            "dependsOn": []
        }
    ]
}