{
    "$schema": "https://schema.management.azure.com/schemas/2015-01-01/deploymentParameters.json#",
    "contentVersion": "1.0.0.0",
    "parameters": {
        "factoryName": {
            "value": "msdirwmjp"
        },
        "ABS_WDI_connectionString": {
            "value": ""
        },
        "SQL_WDI_connectionString": {
            "value": ""
        },
        "ABS_WDI_Health_Countries_properties_typeProperties_fileName": {
            "value": "WDI_Health_Countries.csv"
        },
        "ABS_WDI_Health_Countries_properties_typeProperties_folderPath": {
            "value": "wdi"
        },
        "ABS_WDI_Health_Indicators_properties_typeProperties_fileName": {
            "value": "WDI_Health_Indicators.csv"
        },
        "ABS_WDI_Health_Indicators_properties_typeProperties_folderPath": {
            "value": "wdi"
        },
        "containerUri": {
            "value": ""
        },
        "containerSasToken": {
            "value": ""
        }
    }
}