{
    "$schema": "http://schema.management.azure.com/schemas/2015-01-01/deploymentTemplate.json#",
    "contentVersion": "1.0.0.0",
    "parameters": {
        "factoryName": {
            "type": "string",
            "metadata": "Data Factory Name",
            "defaultValue": "msdirwmjp"
        },
        "ABS_WDI_connectionString": {
            "type": "secureString",
            "metadata": "Secure string for 'connectionString' of 'ABS_WDI'"
        },
        "SQL_WDI_connectionString": {
            "type": "secureString",
            "metadata": "Secure string for 'connectionString' of 'SQL_WDI'"
        },
        "ABS_WDI_Health_Countries_properties_typeProperties_fileName": {
            "type": "string",
            "defaultValue": "WDI_Health_Countries.csv"
        },
        "ABS_WDI_Health_Countries_properties_typeProperties_folderPath": {
            "type": "string",
            "defaultValue": "wdi"
        },
        "ABS_WDI_Health_Indicators_properties_typeProperties_fileName": {
            "type": "string",
            "defaultValue": "WDI_Health_Indicators.csv"
        },
        "ABS_WDI_Health_Indicators_properties_typeProperties_folderPath": {
            "type": "string",
            "defaultValue": "wdi"
        }
    },
    "variables": {
        "factoryId": "[concat('Microsoft.DataFactory/factories/', parameters('factoryName'))]"
    },
    "resources": [
        {
            "name": "[concat(parameters('factoryName'), '/ImportWDIHealth')]",
            "type": "Microsoft.DataFactory/factories/pipelines",
            "apiVersion": "2018-06-01",
            "properties": {
                "activities": [
                    {
                        "name": "ImportCountries",
                        "type": "Copy",
                        "dependsOn": [],
                        "policy": {
                            "timeout": "7.00:00:00",
                            "retry": 0,
                            "retryIntervalInSeconds": 30,
                            "secureOutput": false,
                            "secureInput": false
                        },
                        "userProperties": [],
                        "typeProperties": {
                            "source": {
                                "type": "BlobSource",
                                "recursive": true
                            },
                            "sink": {
                                "type": "SqlSink",
                                "writeBatchSize": 10000,
                                "preCopyScript": "DELETE FROM [dbo].[predictions];\nDELETE FROM [WDI].[Health_Indicators];\nDELETE FROM [WDI].[Health_Countries];"
                            },
                            "enableStaging": false,
                            "translator": {
                                "type": "TabularTranslator",
                                "columnMappings": {
                                    "CountryCode": "CountryCode",
                                    "ShortName": "ShortName",
                                    "LongName": "LongName",
                                    "Region": "Region",
                                    "IncomeGroup": "IncomeGroup"
                                }
                            }
                        },
                        "inputs": [
                            {
                                "referenceName": "ABS_WDI_Health_Countries",
                                "type": "DatasetReference",
                                "parameters": {}
                            }
                        ],
                        "outputs": [
                            {
                                "referenceName": "SQL_WDI_Health_Countries",
                                "type": "DatasetReference",
                                "parameters": {}
                            }
                        ]
                    },
                    {
                        "name": "ImportIndicators",
                        "type": "Copy",
                        "dependsOn": [
                            {
                                "activity": "ImportCountries",
                                "dependencyConditions": [
                                    "Succeeded"
                                ]
                            }
                        ],
                        "policy": {
                            "timeout": "7.00:00:00",
                            "retry": 0,
                            "retryIntervalInSeconds": 30,
                            "secureOutput": false,
                            "secureInput": false
                        },
                        "userProperties": [],
                        "typeProperties": {
                            "source": {
                                "type": "BlobSource",
                                "recursive": true
                            },
                            "sink": {
                                "type": "SqlSink",
                                "writeBatchSize": 10000
                            },
                            "enableStaging": false,
                            "translator": {
                                "type": "TabularTranslator",
                                "columnMappings": {
                                    "CountryCode": "CountryCode",
                                    "Year": "Year",
                                    "SH.XPD.PVTD.PP.CD": "SH.XPD.PVTD.PP.CD",
                                    "SH.XPD.PVTD.PC.CD": "SH.XPD.PVTD.PC.CD",
                                    "SH.XPD.PVTD.CH.ZS": "SH.XPD.PVTD.CH.ZS",
                                    "SH.XPD.OOPC.PP.CD": "SH.XPD.OOPC.PP.CD",
                                    "SH.XPD.OOPC.PC.CD": "SH.XPD.OOPC.PC.CD",
                                    "SH.XPD.OOPC.CH.ZS": "SH.XPD.OOPC.CH.ZS",
                                    "SH.XPD.GHED.PP.CD": "SH.XPD.GHED.PP.CD",
                                    "SH.XPD.GHED.PC.CD": "SH.XPD.GHED.PC.CD",
                                    "SH.XPD.GHED.GE.ZS": "SH.XPD.GHED.GE.ZS",
                                    "SH.XPD.GHED.GD.ZS": "SH.XPD.GHED.GD.ZS",
                                    "SH.XPD.GHED.CH.ZS": "SH.XPD.GHED.CH.ZS",
                                    "SH.XPD.EHEX.PP.CD": "SH.XPD.EHEX.PP.CD",
                                    "SH.XPD.EHEX.PC.CD": "SH.XPD.EHEX.PC.CD",
                                    "SH.XPD.EHEX.CH.ZS": "SH.XPD.EHEX.CH.ZS",
                                    "SH.XPD.CHEX.PP.CD": "SH.XPD.CHEX.PP.CD",
                                    "SH.XPD.CHEX.PC.CD": "SH.XPD.CHEX.PC.CD",
                                    "SH.XPD.CHEX.GD.ZS": "SH.XPD.CHEX.GD.ZS",
                                    "SH.VAC.TTNS.ZS": "SH.VAC.TTNS.ZS",
                                    "SH.UHC.SRVS.CV.XD": "SH.UHC.SRVS.CV.XD",
                                    "SH.UHC.OOPC.25.ZS": "SH.UHC.OOPC.25.ZS",
                                    "SH.UHC.OOPC.25.TO": "SH.UHC.OOPC.25.TO",
                                    "SH.UHC.OOPC.10.ZS": "SH.UHC.OOPC.10.ZS",
                                    "SH.UHC.OOPC.10.TO": "SH.UHC.OOPC.10.TO",
                                    "SH.UHC.NOP2.ZS": "SH.UHC.NOP2.ZS",
                                    "SH.UHC.NOP2.ZG": "SH.UHC.NOP2.ZG",
                                    "SH.UHC.NOP2.TO": "SH.UHC.NOP2.TO",
                                    "SH.UHC.NOP2.CG": "SH.UHC.NOP2.CG",
                                    "SH.UHC.NOP1.ZS": "SH.UHC.NOP1.ZS",
                                    "SH.UHC.NOP1.ZG": "SH.UHC.NOP1.ZG",
                                    "SH.UHC.NOP1.TO": "SH.UHC.NOP1.TO",
                                    "SH.UHC.NOP1.CG": "SH.UHC.NOP1.CG",
                                    "SH.TBS.INCD": "SH.TBS.INCD",
                                    "SH.TBS.DTEC.ZS": "SH.TBS.DTEC.ZS",
                                    "SH.TBS.CURE.ZS": "SH.TBS.CURE.ZS",
                                    "SH.SVR.WAST.ZS": "SH.SVR.WAST.ZS",
                                    "SH.SVR.WAST.MA.ZS": "SH.SVR.WAST.MA.ZS",
                                    "SH.SVR.WAST.FE.ZS": "SH.SVR.WAST.FE.ZS",
                                    "SH.STA.WAST.ZS": "SH.STA.WAST.ZS",
                                    "SH.STA.WAST.MA.ZS": "SH.STA.WAST.MA.ZS",
                                    "SH.STA.WAST.FE.ZS": "SH.STA.WAST.FE.ZS",
                                    "SH.STA.TRAF.P5": "SH.STA.TRAF.P5",
                                    "SH.STA.SUIC.P5": "SH.STA.SUIC.P5",
                                    "SH.STA.STNT.ZS": "SH.STA.STNT.ZS",
                                    "SH.STA.STNT.MA.ZS": "SH.STA.STNT.MA.ZS",
                                    "SH.STA.STNT.FE.ZS": "SH.STA.STNT.FE.ZS",
                                    "SH.STA.SMSS.ZS": "SH.STA.SMSS.ZS",
                                    "SH.STA.SMSS.UR.ZS": "SH.STA.SMSS.UR.ZS",
                                    "SH.STA.SMSS.RU.ZS": "SH.STA.SMSS.RU.ZS",
                                    "SH.STA.OWGH.ZS": "SH.STA.OWGH.ZS",
                                    "SH.STA.OWGH.MA.ZS": "SH.STA.OWGH.MA.ZS",
                                    "SH.STA.OWGH.FE.ZS": "SH.STA.OWGH.FE.ZS",
                                    "SH.STA.ORTH": "SH.STA.ORTH",
                                    "SH.STA.ORCF.ZS": "SH.STA.ORCF.ZS",
                                    "SH.STA.ODFC.ZS": "SH.STA.ODFC.ZS",
                                    "SH.STA.ODFC.UR.ZS": "SH.STA.ODFC.UR.ZS",
                                    "SH.STA.ODFC.RU.ZS": "SH.STA.ODFC.RU.ZS",
                                    "SH.STA.MMRT.NE": "SH.STA.MMRT.NE",
                                    "SH.STA.MMRT": "SH.STA.MMRT",
                                    "SH.STA.MALN.ZS": "SH.STA.MALN.ZS",
                                    "SH.STA.MALN.MA.ZS": "SH.STA.MALN.MA.ZS",
                                    "SH.STA.MALN.FE.ZS": "SH.STA.MALN.FE.ZS",
                                    "SH.STA.HYGN.ZS": "SH.STA.HYGN.ZS",
                                    "SH.STA.HYGN.UR.ZS": "SH.STA.HYGN.UR.ZS",
                                    "SH.STA.HYGN.RU.ZS": "SH.STA.HYGN.RU.ZS",
                                    "SH.STA.FGMS.ZS": "SH.STA.FGMS.ZS",
                                    "SH.STA.DIAB.ZS": "SH.STA.DIAB.ZS",
                                    "SH.STA.BRTW.ZS": "SH.STA.BRTW.ZS",
                                    "SH.STA.BRTC.ZS": "SH.STA.BRTC.ZS",
                                    "SH.STA.BFED.ZS": "SH.STA.BFED.ZS",
                                    "SH.STA.BASS.ZS": "SH.STA.BASS.ZS",
                                    "SH.STA.BASS.UR.ZS": "SH.STA.BASS.UR.ZS",
                                    "SH.STA.BASS.RU.ZS": "SH.STA.BASS.RU.ZS",
                                    "SH.STA.ARIC.ZS": "SH.STA.ARIC.ZS",
                                    "SH.STA.ANVC.ZS": "SH.STA.ANVC.ZS",
                                    "SH.SGR.PROC.P5": "SH.SGR.PROC.P5",
                                    "SH.SGR.IRSK.ZS": "SH.SGR.IRSK.ZS",
                                    "SH.SGR.CRSK.ZS": "SH.SGR.CRSK.ZS",
                                    "SH.PRV.SMOK.MA": "SH.PRV.SMOK.MA",
                                    "SH.PRV.SMOK.FE": "SH.PRV.SMOK.FE",
                                    "SH.PRG.ANEM": "SH.PRG.ANEM",
                                    "SH.MMR.RISK.ZS": "SH.MMR.RISK.ZS",
                                    "SH.MMR.RISK": "SH.MMR.RISK",
                                    "SH.MMR.DTHS": "SH.MMR.DTHS",
                                    "SH.MLR.TRET.ZS": "SH.MLR.TRET.ZS",
                                    "SH.MLR.NETS.ZS": "SH.MLR.NETS.ZS",
                                    "SH.MLR.INCD.P3": "SH.MLR.INCD.P3",
                                    "SH.MED.SAOP.P5": "SH.MED.SAOP.P5",
                                    "SH.MED.PHYS.ZS": "SH.MED.PHYS.ZS",
                                    "SH.MED.NUMW.P3": "SH.MED.NUMW.P3",
                                    "SH.MED.CMHW.P3": "SH.MED.CMHW.P3",
                                    "SH.MED.BEDS.ZS": "SH.MED.BEDS.ZS",
                                    "SH.IMM.MEAS": "SH.IMM.MEAS",
                                    "SH.IMM.IDPT": "SH.IMM.IDPT",
                                    "SH.IMM.HEPB": "SH.IMM.HEPB",
                                    "SH.HIV.PMTC.ZS": "SH.HIV.PMTC.ZS",
                                    "SH.HIV.INCD.ZS": "SH.HIV.INCD.ZS",
                                    "SH.HIV.INCD.TL": "SH.HIV.INCD.TL",
                                    "SH.HIV.INCD.14": "SH.HIV.INCD.14",
                                    "SH.HIV.INCD": "SH.HIV.INCD",
                                    "SH.HIV.ARTC.ZS": "SH.HIV.ARTC.ZS",
                                    "SH.HIV.1524.MA.ZS": "SH.HIV.1524.MA.ZS",
                                    "SH.HIV.1524.FE.ZS": "SH.HIV.1524.FE.ZS",
                                    "SH.HIV.0014": "SH.HIV.0014",
                                    "SH.H2O.SMDW.ZS": "SH.H2O.SMDW.ZS",
                                    "SH.H2O.SMDW.UR.ZS": "SH.H2O.SMDW.UR.ZS",
                                    "SH.H2O.SMDW.RU.ZS": "SH.H2O.SMDW.RU.ZS",
                                    "SH.H2O.BASW.ZS": "SH.H2O.BASW.ZS",
                                    "SH.H2O.BASW.UR.ZS": "SH.H2O.BASW.UR.ZS",
                                    "SH.H2O.BASW.RU.ZS": "SH.H2O.BASW.RU.ZS",
                                    "SH.FPL.SATM.ZS": "SH.FPL.SATM.ZS",
                                    "SH.DYN.NMRT": "SH.DYN.NMRT",
                                    "SH.DYN.NCOM.ZS": "SH.DYN.NCOM.ZS",
                                    "SH.DYN.MORT.MA": "SH.DYN.MORT.MA",
                                    "SH.DYN.MORT.FE": "SH.DYN.MORT.FE",
                                    "SH.DYN.MORT": "SH.DYN.MORT",
                                    "SH.DYN.AIDS.ZS": "SH.DYN.AIDS.ZS",
                                    "SH.DYN.AIDS.FE.ZS": "SH.DYN.AIDS.FE.ZS",
                                    "SH.DYN.0514": "SH.DYN.0514",
                                    "SH.DTH.NMRT": "SH.DTH.NMRT",
                                    "SH.DTH.NCOM.ZS": "SH.DTH.NCOM.ZS",
                                    "SH.DTH.MORT": "SH.DTH.MORT",
                                    "SH.DTH.INJR.ZS": "SH.DTH.INJR.ZS",
                                    "SH.DTH.IMRT": "SH.DTH.IMRT",
                                    "SH.DTH.COMM.ZS": "SH.DTH.COMM.ZS",
                                    "SH.DTH.0514": "SH.DTH.0514",
                                    "SH.CON.1524.MA.ZS": "SH.CON.1524.MA.ZS",
                                    "SH.CON.1524.FE.ZS": "SH.CON.1524.FE.ZS",
                                    "SH.ANM.NPRG.ZS": "SH.ANM.NPRG.ZS",
                                    "SH.ANM.CHLD.ZS": "SH.ANM.CHLD.ZS",
                                    "SH.ANM.ALLW.ZS": "SH.ANM.ALLW.ZS",
                                    "SH.ALC.PCAP.LI": "SH.ALC.PCAP.LI",
                                    "SN.ITK.VITA.ZS": "SN.ITK.VITA.ZS",
                                    "SN.ITK.SALT.ZS": "SN.ITK.SALT.ZS",
                                    "SN.ITK.DFCT": "SN.ITK.DFCT",
                                    "SN.ITK.DEFC.ZS": "SN.ITK.DEFC.ZS",
                                    "SP.UWT.TFRT": "SP.UWT.TFRT",
                                    "SP.REG.DTHS.ZS": "SP.REG.DTHS.ZS",
                                    "SP.REG.BRTH.ZS": "SP.REG.BRTH.ZS",
                                    "SP.REG.BRTH.UR.ZS": "SP.REG.BRTH.UR.ZS",
                                    "SP.REG.BRTH.RU.ZS": "SP.REG.BRTH.RU.ZS",
                                    "SP.REG.BRTH.MA.ZS": "SP.REG.BRTH.MA.ZS",
                                    "SP.REG.BRTH.FE.ZS": "SP.REG.BRTH.FE.ZS",
                                    "SP.POP.TOTL.MA.ZS": "SP.POP.TOTL.MA.ZS",
                                    "SP.POP.TOTL.MA.IN": "SP.POP.TOTL.MA.IN",
                                    "SP.POP.TOTL.FE.ZS": "SP.POP.TOTL.FE.ZS",
                                    "SP.POP.TOTL.FE.IN": "SP.POP.TOTL.FE.IN",
                                    "SP.POP.TOTL": "SP.POP.TOTL",
                                    "SP.POP.GROW": "SP.POP.GROW",
                                    "SP.POP.DPND.YG": "SP.POP.DPND.YG",
                                    "SP.POP.DPND.OL": "SP.POP.DPND.OL",
                                    "SP.POP.DPND": "SP.POP.DPND",
                                    "SP.POP.BRTH.MF": "SP.POP.BRTH.MF",
                                    "SP.POP.80UP.MA.5Y": "SP.POP.80UP.MA.5Y",
                                    "SP.POP.80UP.FE.5Y": "SP.POP.80UP.FE.5Y",
                                    "SP.POP.7579.MA.5Y": "SP.POP.7579.MA.5Y",
                                    "SP.POP.7579.FE.5Y": "SP.POP.7579.FE.5Y",
                                    "SP.POP.7074.MA.5Y": "SP.POP.7074.MA.5Y",
                                    "SP.POP.7074.FE.5Y": "SP.POP.7074.FE.5Y",
                                    "SP.POP.65UP.TO.ZS": "SP.POP.65UP.TO.ZS",
                                    "SP.POP.65UP.TO": "SP.POP.65UP.TO",
                                    "SP.POP.65UP.MA.ZS": "SP.POP.65UP.MA.ZS",
                                    "SP.POP.65UP.MA.IN": "SP.POP.65UP.MA.IN",
                                    "SP.POP.65UP.FE.ZS": "SP.POP.65UP.FE.ZS",
                                    "SP.POP.65UP.FE.IN": "SP.POP.65UP.FE.IN",
                                    "SP.POP.6569.MA.5Y": "SP.POP.6569.MA.5Y",
                                    "SP.POP.6569.FE.5Y": "SP.POP.6569.FE.5Y",
                                    "SP.POP.6064.MA.5Y": "SP.POP.6064.MA.5Y",
                                    "SP.POP.6064.FE.5Y": "SP.POP.6064.FE.5Y",
                                    "SP.POP.5559.MA.5Y": "SP.POP.5559.MA.5Y",
                                    "SP.POP.5559.FE.5Y": "SP.POP.5559.FE.5Y",
                                    "SP.POP.5054.MA.5Y": "SP.POP.5054.MA.5Y",
                                    "SP.POP.5054.FE.5Y": "SP.POP.5054.FE.5Y",
                                    "SP.POP.4549.MA.5Y": "SP.POP.4549.MA.5Y",
                                    "SP.POP.4549.FE.5Y": "SP.POP.4549.FE.5Y",
                                    "SP.POP.4044.MA.5Y": "SP.POP.4044.MA.5Y",
                                    "SP.POP.4044.FE.5Y": "SP.POP.4044.FE.5Y",
                                    "SP.POP.3539.MA.5Y": "SP.POP.3539.MA.5Y",
                                    "SP.POP.3539.FE.5Y": "SP.POP.3539.FE.5Y",
                                    "SP.POP.3034.MA.5Y": "SP.POP.3034.MA.5Y",
                                    "SP.POP.3034.FE.5Y": "SP.POP.3034.FE.5Y",
                                    "SP.POP.2529.MA.5Y": "SP.POP.2529.MA.5Y",
                                    "SP.POP.2529.FE.5Y": "SP.POP.2529.FE.5Y",
                                    "SP.POP.2024.MA.5Y": "SP.POP.2024.MA.5Y",
                                    "SP.POP.2024.FE.5Y": "SP.POP.2024.FE.5Y",
                                    "SP.POP.1564.TO.ZS": "SP.POP.1564.TO.ZS",
                                    "SP.POP.1564.TO": "SP.POP.1564.TO",
                                    "SP.POP.1564.MA.ZS": "SP.POP.1564.MA.ZS",
                                    "SP.POP.1564.MA.IN": "SP.POP.1564.MA.IN",
                                    "SP.POP.1564.FE.ZS": "SP.POP.1564.FE.ZS",
                                    "SP.POP.1564.FE.IN": "SP.POP.1564.FE.IN",
                                    "SP.POP.1519.MA.5Y": "SP.POP.1519.MA.5Y",
                                    "SP.POP.1519.FE.5Y": "SP.POP.1519.FE.5Y",
                                    "SP.POP.1014.MA.5Y": "SP.POP.1014.MA.5Y",
                                    "SP.POP.1014.FE.5Y": "SP.POP.1014.FE.5Y",
                                    "SP.POP.0509.MA.5Y": "SP.POP.0509.MA.5Y",
                                    "SP.POP.0509.FE.5Y": "SP.POP.0509.FE.5Y",
                                    "SP.POP.0014.TO.ZS": "SP.POP.0014.TO.ZS",
                                    "SP.POP.0014.TO": "SP.POP.0014.TO",
                                    "SP.POP.0014.MA.ZS": "SP.POP.0014.MA.ZS",
                                    "SP.POP.0014.MA.IN": "SP.POP.0014.MA.IN",
                                    "SP.POP.0014.FE.ZS": "SP.POP.0014.FE.ZS",
                                    "SP.POP.0014.FE.IN": "SP.POP.0014.FE.IN",
                                    "SP.POP.0004.MA.5Y": "SP.POP.0004.MA.5Y",
                                    "SP.POP.0004.FE.5Y": "SP.POP.0004.FE.5Y",
                                    "SP.MTR.1519.ZS": "SP.MTR.1519.ZS",
                                    "SP.M18.2024.FE.ZS": "SP.M18.2024.FE.ZS",
                                    "SP.HOU.FEMA.ZS": "SP.HOU.FEMA.ZS",
                                    "SP.DYN.WFRT": "SP.DYN.WFRT",
                                    "SP.DYN.TO65.MA.ZS": "SP.DYN.TO65.MA.ZS",
                                    "SP.DYN.TO65.FE.ZS": "SP.DYN.TO65.FE.ZS",
                                    "SP.DYN.TFRT.IN": "SP.DYN.TFRT.IN",
                                    "SP.DYN.LE00.MA.IN": "SP.DYN.LE00.MA.IN",
                                    "SP.DYN.LE00.IN": "SP.DYN.LE00.IN",
                                    "SP.DYN.LE00.FE.IN": "SP.DYN.LE00.FE.IN",
                                    "SP.DYN.IMRT.MA.IN": "SP.DYN.IMRT.MA.IN",
                                    "SP.DYN.IMRT.IN": "SP.DYN.IMRT.IN",
                                    "SP.DYN.IMRT.FE.IN": "SP.DYN.IMRT.FE.IN",
                                    "SP.DYN.CONU.ZS": "SP.DYN.CONU.ZS",
                                    "SP.DYN.CONM.ZS": "SP.DYN.CONM.ZS",
                                    "SP.DYN.CDRT.IN": "SP.DYN.CDRT.IN",
                                    "SP.DYN.CBRT.IN": "SP.DYN.CBRT.IN",
                                    "SP.DYN.AMRT.MA": "SP.DYN.AMRT.MA",
                                    "SP.DYN.AMRT.FE": "SP.DYN.AMRT.FE",
                                    "SP.DTH.REPT.ZS": "SP.DTH.REPT.ZS",
                                    "SP.DTH.INFR.ZS": "SP.DTH.INFR.ZS",
                                    "SP.ADO.TFRT": "SP.ADO.TFRT"
                                }
                            }
                        },
                        "inputs": [
                            {
                                "referenceName": "ABS_WDI_Health_Indicators",
                                "type": "DatasetReference",
                                "parameters": {}
                            }
                        ],
                        "outputs": [
                            {
                                "referenceName": "SQL_WDI_Health_Indicators",
                                "type": "DatasetReference",
                                "parameters": {}
                            }
                        ]
                    }
                ],
                "annotations": []
            },
            "dependsOn": [
                "[concat(variables('factoryId'), '/datasets/ABS_WDI_Health_Countries')]",
                "[concat(variables('factoryId'), '/datasets/SQL_WDI_Health_Countries')]",
                "[concat(variables('factoryId'), '/datasets/ABS_WDI_Health_Indicators')]",
                "[concat(variables('factoryId'), '/datasets/SQL_WDI_Health_Indicators')]"
            ]
        },
        {
            "name": "[concat(parameters('factoryName'), '/ABS_WDI_Health_Countries')]",
            "type": "Microsoft.DataFactory/factories/datasets",
            "apiVersion": "2018-06-01",
            "properties": {
                "linkedServiceName": {
                    "referenceName": "ABS_WDI",
                    "type": "LinkedServiceReference"
                },
                "annotations": [],
                "type": "AzureBlob",
                "structure": [
                    {
                        "name": "CountryCode",
                        "type": "String"
                    },
                    {
                        "name": "ShortName",
                        "type": "String"
                    },
                    {
                        "name": "LongName",
                        "type": "String"
                    },
                    {
                        "name": "Region",
                        "type": "String"
                    },
                    {
                        "name": "IncomeGroup",
                        "type": "String"
                    }
                ],
                "typeProperties": {
                    "format": {
                        "type": "TextFormat",
                        "columnDelimiter": ",",
                        "rowDelimiter": "",
                        "nullValue": "\\N",
                        "encodingName": "Windows-1252",
                        "treatEmptyAsNull": true,
                        "skipLineCount": 0,
                        "firstRowAsHeader": true
                    },
                    "fileName": "[parameters('ABS_WDI_Health_Countries_properties_typeProperties_fileName')]",
                    "folderPath": "[parameters('ABS_WDI_Health_Countries_properties_typeProperties_folderPath')]"
                }
            },
            "dependsOn": [
                "[concat(variables('factoryId'), '/linkedServices/ABS_WDI')]"
            ]
        },
        {
            "name": "[concat(parameters('factoryName'), '/ABS_WDI_Health_Indicators')]",
            "type": "Microsoft.DataFactory/factories/datasets",
            "apiVersion": "2018-06-01",
            "properties": {
                "linkedServiceName": {
                    "referenceName": "ABS_WDI",
                    "type": "LinkedServiceReference"
                },
                "annotations": [],
                "type": "AzureBlob",
                "structure": [
                    {
                        "name": "CountryCode",
                        "type": "String"
                    },
                    {
                        "name": "Year",
                        "type": "String"
                    },
                    {
                        "name": "SP.UWT.TFRT",
                        "type": "String"
                    },
                    {
                        "name": "SP.REG.DTHS.ZS",
                        "type": "String"
                    },
                    {
                        "name": "SP.REG.BRTH.ZS",
                        "type": "String"
                    },
                    {
                        "name": "SP.REG.BRTH.UR.ZS",
                        "type": "String"
                    },
                    {
                        "name": "SP.REG.BRTH.RU.ZS",
                        "type": "String"
                    },
                    {
                        "name": "SP.REG.BRTH.MA.ZS",
                        "type": "String"
                    },
                    {
                        "name": "SP.REG.BRTH.FE.ZS",
                        "type": "String"
                    },
                    {
                        "name": "SP.POP.TOTL.MA.ZS",
                        "type": "String"
                    },
                    {
                        "name": "SP.POP.TOTL.MA.IN",
                        "type": "String"
                    },
                    {
                        "name": "SP.POP.TOTL.FE.ZS",
                        "type": "String"
                    },
                    {
                        "name": "SP.POP.TOTL.FE.IN",
                        "type": "String"
                    },
                    {
                        "name": "SP.POP.TOTL",
                        "type": "String"
                    },
                    {
                        "name": "SP.POP.GROW",
                        "type": "String"
                    },
                    {
                        "name": "SP.POP.DPND.YG",
                        "type": "String"
                    },
                    {
                        "name": "SP.POP.DPND.OL",
                        "type": "String"
                    },
                    {
                        "name": "SP.POP.DPND",
                        "type": "String"
                    },
                    {
                        "name": "SP.POP.BRTH.MF",
                        "type": "String"
                    },
                    {
                        "name": "SP.POP.80UP.MA.5Y",
                        "type": "String"
                    },
                    {
                        "name": "SP.POP.80UP.FE.5Y",
                        "type": "String"
                    },
                    {
                        "name": "SP.POP.7579.MA.5Y",
                        "type": "String"
                    },
                    {
                        "name": "SP.POP.7579.FE.5Y",
                        "type": "String"
                    },
                    {
                        "name": "SP.POP.7074.MA.5Y",
                        "type": "String"
                    },
                    {
                        "name": "SP.POP.7074.FE.5Y",
                        "type": "String"
                    },
                    {
                        "name": "SP.POP.65UP.TO.ZS",
                        "type": "String"
                    },
                    {
                        "name": "SP.POP.65UP.TO",
                        "type": "String"
                    },
                    {
                        "name": "SP.POP.65UP.MA.ZS",
                        "type": "String"
                    },
                    {
                        "name": "SP.POP.65UP.MA.IN",
                        "type": "String"
                    },
                    {
                        "name": "SP.POP.65UP.FE.ZS",
                        "type": "String"
                    },
                    {
                        "name": "SP.POP.65UP.FE.IN",
                        "type": "String"
                    },
                    {
                        "name": "SP.POP.6569.MA.5Y",
                        "type": "String"
                    },
                    {
                        "name": "SP.POP.6569.FE.5Y",
                        "type": "String"
                    },
                    {
                        "name": "SP.POP.6064.MA.5Y",
                        "type": "String"
                    },
                    {
                        "name": "SP.POP.6064.FE.5Y",
                        "type": "String"
                    },
                    {
                        "name": "SP.POP.5559.MA.5Y",
                        "type": "String"
                    },
                    {
                        "name": "SP.POP.5559.FE.5Y",
                        "type": "String"
                    },
                    {
                        "name": "SP.POP.5054.MA.5Y",
                        "type": "String"
                    },
                    {
                        "name": "SP.POP.5054.FE.5Y",
                        "type": "String"
                    },
                    {
                        "name": "SP.POP.4549.MA.5Y",
                        "type": "String"
                    },
                    {
                        "name": "SP.POP.4549.FE.5Y",
                        "type": "String"
                    },
                    {
                        "name": "SP.POP.4044.MA.5Y",
                        "type": "String"
                    },
                    {
                        "name": "SP.POP.4044.FE.5Y",
                        "type": "String"
                    },
                    {
                        "name": "SP.POP.3539.MA.5Y",
                        "type": "String"
                    },
                    {
                        "name": "SP.POP.3539.FE.5Y",
                        "type": "String"
                    },
                    {
                        "name": "SP.POP.3034.MA.5Y",
                        "type": "String"
                    },
                    {
                        "name": "SP.POP.3034.FE.5Y",
                        "type": "String"
                    },
                    {
                        "name": "SP.POP.2529.MA.5Y",
                        "type": "String"
                    },
                    {
                        "name": "SP.POP.2529.FE.5Y",
                        "type": "String"
                    },
                    {
                        "name": "SP.POP.2024.MA.5Y",
                        "type": "String"
                    },
                    {
                        "name": "SP.POP.2024.FE.5Y",
                        "type": "String"
                    },
                    {
                        "name": "SP.POP.1564.TO.ZS",
                        "type": "String"
                    },
                    {
                        "name": "SP.POP.1564.TO",
                        "type": "String"
                    },
                    {
                        "name": "SP.POP.1564.MA.ZS",
                        "type": "String"
                    },
                    {
                        "name": "SP.POP.1564.MA.IN",
                        "type": "String"
                    },
                    {
                        "name": "SP.POP.1564.FE.ZS",
                        "type": "String"
                    },
                    {
                        "name": "SP.POP.1564.FE.IN",
                        "type": "String"
                    },
                    {
                        "name": "SP.POP.1519.MA.5Y",
                        "type": "String"
                    },
                    {
                        "name": "SP.POP.1519.FE.5Y",
                        "type": "String"
                    },
                    {
                        "name": "SP.POP.1014.MA.5Y",
                        "type": "String"
                    },
                    {
                        "name": "SP.POP.1014.FE.5Y",
                        "type": "String"
                    },
                    {
                        "name": "SP.POP.0509.MA.5Y",
                        "type": "String"
                    },
                    {
                        "name": "SP.POP.0509.FE.5Y",
                        "type": "String"
                    },
                    {
                        "name": "SP.POP.0014.TO.ZS",
                        "type": "String"
                    },
                    {
                        "name": "SP.POP.0014.TO",
                        "type": "String"
                    },
                    {
                        "name": "SP.POP.0014.MA.ZS",
                        "type": "String"
                    },
                    {
                        "name": "SP.POP.0014.MA.IN",
                        "type": "String"
                    },
                    {
                        "name": "SP.POP.0014.FE.ZS",
                        "type": "String"
                    },
                    {
                        "name": "SP.POP.0014.FE.IN",
                        "type": "String"
                    },
                    {
                        "name": "SP.POP.0004.MA.5Y",
                        "type": "String"
                    },
                    {
                        "name": "SP.POP.0004.FE.5Y",
                        "type": "String"
                    },
                    {
                        "name": "SP.MTR.1519.ZS",
                        "type": "String"
                    },
                    {
                        "name": "SP.M18.2024.FE.ZS",
                        "type": "String"
                    },
                    {
                        "name": "SP.HOU.FEMA.ZS",
                        "type": "String"
                    },
                    {
                        "name": "SP.DYN.WFRT",
                        "type": "String"
                    },
                    {
                        "name": "SP.DYN.TO65.MA.ZS",
                        "type": "String"
                    },
                    {
                        "name": "SP.DYN.TO65.FE.ZS",
                        "type": "String"
                    },
                    {
                        "name": "SP.DYN.TFRT.IN",
                        "type": "String"
                    },
                    {
                        "name": "SP.DYN.LE00.MA.IN",
                        "type": "String"
                    },
                    {
                        "name": "SP.DYN.LE00.IN",
                        "type": "String"
                    },
                    {
                        "name": "SP.DYN.LE00.FE.IN",
                        "type": "String"
                    },
                    {
                        "name": "SP.DYN.IMRT.MA.IN",
                        "type": "String"
                    },
                    {
                        "name": "SP.DYN.IMRT.IN",
                        "type": "String"
                    },
                    {
                        "name": "SP.DYN.IMRT.FE.IN",
                        "type": "String"
                    },
                    {
                        "name": "SP.DYN.CONU.ZS",
                        "type": "String"
                    },
                    {
                        "name": "SP.DYN.CONM.ZS",
                        "type": "String"
                    },
                    {
                        "name": "SP.DYN.CDRT.IN",
                        "type": "String"
                    },
                    {
                        "name": "SP.DYN.CBRT.IN",
                        "type": "String"
                    },
                    {
                        "name": "SP.DYN.AMRT.MA",
                        "type": "String"
                    },
                    {
                        "name": "SP.DYN.AMRT.FE",
                        "type": "String"
                    },
                    {
                        "name": "SP.DTH.REPT.ZS",
                        "type": "String"
                    },
                    {
                        "name": "SP.DTH.INFR.ZS",
                        "type": "String"
                    },
                    {
                        "name": "SP.ADO.TFRT",
                        "type": "String"
                    },
                    {
                        "name": "SN.ITK.VITA.ZS",
                        "type": "String"
                    },
                    {
                        "name": "SN.ITK.SALT.ZS",
                        "type": "String"
                    },
                    {
                        "name": "SN.ITK.DFCT",
                        "type": "String"
                    },
                    {
                        "name": "SN.ITK.DEFC.ZS",
                        "type": "String"
                    },
                    {
                        "name": "SH.XPD.PVTD.PP.CD",
                        "type": "String"
                    },
                    {
                        "name": "SH.XPD.PVTD.PC.CD",
                        "type": "String"
                    },
                    {
                        "name": "SH.XPD.PVTD.CH.ZS",
                        "type": "String"
                    },
                    {
                        "name": "SH.XPD.OOPC.PP.CD",
                        "type": "String"
                    },
                    {
                        "name": "SH.XPD.OOPC.PC.CD",
                        "type": "String"
                    },
                    {
                        "name": "SH.XPD.OOPC.CH.ZS",
                        "type": "String"
                    },
                    {
                        "name": "SH.XPD.GHED.PP.CD",
                        "type": "String"
                    },
                    {
                        "name": "SH.XPD.GHED.PC.CD",
                        "type": "String"
                    },
                    {
                        "name": "SH.XPD.GHED.GE.ZS",
                        "type": "String"
                    },
                    {
                        "name": "SH.XPD.GHED.GD.ZS",
                        "type": "String"
                    },
                    {
                        "name": "SH.XPD.GHED.CH.ZS",
                        "type": "String"
                    },
                    {
                        "name": "SH.XPD.EHEX.PP.CD",
                        "type": "String"
                    },
                    {
                        "name": "SH.XPD.EHEX.PC.CD",
                        "type": "String"
                    },
                    {
                        "name": "SH.XPD.EHEX.CH.ZS",
                        "type": "String"
                    },
                    {
                        "name": "SH.XPD.CHEX.PP.CD",
                        "type": "String"
                    },
                    {
                        "name": "SH.XPD.CHEX.PC.CD",
                        "type": "String"
                    },
                    {
                        "name": "SH.XPD.CHEX.GD.ZS",
                        "type": "String"
                    },
                    {
                        "name": "SH.VAC.TTNS.ZS",
                        "type": "String"
                    },
                    {
                        "name": "SH.UHC.SRVS.CV.XD",
                        "type": "String"
                    },
                    {
                        "name": "SH.UHC.OOPC.25.ZS",
                        "type": "String"
                    },
                    {
                        "name": "SH.UHC.OOPC.25.TO",
                        "type": "String"
                    },
                    {
                        "name": "SH.UHC.OOPC.10.ZS",
                        "type": "String"
                    },
                    {
                        "name": "SH.UHC.OOPC.10.TO",
                        "type": "String"
                    },
                    {
                        "name": "SH.UHC.NOP2.ZS",
                        "type": "String"
                    },
                    {
                        "name": "SH.UHC.NOP2.ZG",
                        "type": "String"
                    },
                    {
                        "name": "SH.UHC.NOP2.TO",
                        "type": "String"
                    },
                    {
                        "name": "SH.UHC.NOP2.CG",
                        "type": "String"
                    },
                    {
                        "name": "SH.UHC.NOP1.ZS",
                        "type": "String"
                    },
                    {
                        "name": "SH.UHC.NOP1.ZG",
                        "type": "String"
                    },
                    {
                        "name": "SH.UHC.NOP1.TO",
                        "type": "String"
                    },
                    {
                        "name": "SH.UHC.NOP1.CG",
                        "type": "String"
                    },
                    {
                        "name": "SH.TBS.INCD",
                        "type": "String"
                    },
                    {
                        "name": "SH.TBS.DTEC.ZS",
                        "type": "String"
                    },
                    {
                        "name": "SH.TBS.CURE.ZS",
                        "type": "String"
                    },
                    {
                        "name": "SH.SVR.WAST.ZS",
                        "type": "String"
                    },
                    {
                        "name": "SH.SVR.WAST.MA.ZS",
                        "type": "String"
                    },
                    {
                        "name": "SH.SVR.WAST.FE.ZS",
                        "type": "String"
                    },
                    {
                        "name": "SH.STA.WAST.ZS",
                        "type": "String"
                    },
                    {
                        "name": "SH.STA.WAST.MA.ZS",
                        "type": "String"
                    },
                    {
                        "name": "SH.STA.WAST.FE.ZS",
                        "type": "String"
                    },
                    {
                        "name": "SH.STA.TRAF.P5",
                        "type": "String"
                    },
                    {
                        "name": "SH.STA.SUIC.P5",
                        "type": "String"
                    },
                    {
                        "name": "SH.STA.STNT.ZS",
                        "type": "String"
                    },
                    {
                        "name": "SH.STA.STNT.MA.ZS",
                        "type": "String"
                    },
                    {
                        "name": "SH.STA.STNT.FE.ZS",
                        "type": "String"
                    },
                    {
                        "name": "SH.STA.SMSS.ZS",
                        "type": "String"
                    },
                    {
                        "name": "SH.STA.SMSS.UR.ZS",
                        "type": "String"
                    },
                    {
                        "name": "SH.STA.SMSS.RU.ZS",
                        "type": "String"
                    },
                    {
                        "name": "SH.STA.OWGH.ZS",
                        "type": "String"
                    },
                    {
                        "name": "SH.STA.OWGH.MA.ZS",
                        "type": "String"
                    },
                    {
                        "name": "SH.STA.OWGH.FE.ZS",
                        "type": "String"
                    },
                    {
                        "name": "SH.STA.ORTH",
                        "type": "String"
                    },
                    {
                        "name": "SH.STA.ORCF.ZS",
                        "type": "String"
                    },
                    {
                        "name": "SH.STA.ODFC.ZS",
                        "type": "String"
                    },
                    {
                        "name": "SH.STA.ODFC.UR.ZS",
                        "type": "String"
                    },
                    {
                        "name": "SH.STA.ODFC.RU.ZS",
                        "type": "String"
                    },
                    {
                        "name": "SH.STA.MMRT.NE",
                        "type": "String"
                    },
                    {
                        "name": "SH.STA.MMRT",
                        "type": "String"
                    },
                    {
                        "name": "SH.STA.MALN.ZS",
                        "type": "String"
                    },
                    {
                        "name": "SH.STA.MALN.MA.ZS",
                        "type": "String"
                    },
                    {
                        "name": "SH.STA.MALN.FE.ZS",
                        "type": "String"
                    },
                    {
                        "name": "SH.STA.HYGN.ZS",
                        "type": "String"
                    },
                    {
                        "name": "SH.STA.HYGN.UR.ZS",
                        "type": "String"
                    },
                    {
                        "name": "SH.STA.HYGN.RU.ZS",
                        "type": "String"
                    },
                    {
                        "name": "SH.STA.FGMS.ZS",
                        "type": "String"
                    },
                    {
                        "name": "SH.STA.DIAB.ZS",
                        "type": "String"
                    },
                    {
                        "name": "SH.STA.BRTW.ZS",
                        "type": "String"
                    },
                    {
                        "name": "SH.STA.BRTC.ZS",
                        "type": "String"
                    },
                    {
                        "name": "SH.STA.BFED.ZS",
                        "type": "String"
                    },
                    {
                        "name": "SH.STA.BASS.ZS",
                        "type": "String"
                    },
                    {
                        "name": "SH.STA.BASS.UR.ZS",
                        "type": "String"
                    },
                    {
                        "name": "SH.STA.BASS.RU.ZS",
                        "type": "String"
                    },
                    {
                        "name": "SH.STA.ARIC.ZS",
                        "type": "String"
                    },
                    {
                        "name": "SH.STA.ANVC.ZS",
                        "type": "String"
                    },
                    {
                        "name": "SH.SGR.PROC.P5",
                        "type": "String"
                    },
                    {
                        "name": "SH.SGR.IRSK.ZS",
                        "type": "String"
                    },
                    {
                        "name": "SH.SGR.CRSK.ZS",
                        "type": "String"
                    },
                    {
                        "name": "SH.PRV.SMOK.MA",
                        "type": "String"
                    },
                    {
                        "name": "SH.PRV.SMOK.FE",
                        "type": "String"
                    },
                    {
                        "name": "SH.PRG.ANEM",
                        "type": "String"
                    },
                    {
                        "name": "SH.MMR.RISK.ZS",
                        "type": "String"
                    },
                    {
                        "name": "SH.MMR.RISK",
                        "type": "String"
                    },
                    {
                        "name": "SH.MMR.DTHS",
                        "type": "String"
                    },
                    {
                        "name": "SH.MLR.TRET.ZS",
                        "type": "String"
                    },
                    {
                        "name": "SH.MLR.NETS.ZS",
                        "type": "String"
                    },
                    {
                        "name": "SH.MLR.INCD.P3",
                        "type": "String"
                    },
                    {
                        "name": "SH.MED.SAOP.P5",
                        "type": "String"
                    },
                    {
                        "name": "SH.MED.PHYS.ZS",
                        "type": "String"
                    },
                    {
                        "name": "SH.MED.NUMW.P3",
                        "type": "String"
                    },
                    {
                        "name": "SH.MED.CMHW.P3",
                        "type": "String"
                    },
                    {
                        "name": "SH.MED.BEDS.ZS",
                        "type": "String"
                    },
                    {
                        "name": "SH.IMM.MEAS",
                        "type": "String"
                    },
                    {
                        "name": "SH.IMM.IDPT",
                        "type": "String"
                    },
                    {
                        "name": "SH.IMM.HEPB",
                        "type": "String"
                    },
                    {
                        "name": "SH.HIV.PMTC.ZS",
                        "type": "String"
                    },
                    {
                        "name": "SH.HIV.INCD.ZS",
                        "type": "String"
                    },
                    {
                        "name": "SH.HIV.INCD.TL",
                        "type": "String"
                    },
                    {
                        "name": "SH.HIV.INCD.14",
                        "type": "String"
                    },
                    {
                        "name": "SH.HIV.INCD",
                        "type": "String"
                    },
                    {
                        "name": "SH.HIV.ARTC.ZS",
                        "type": "String"
                    },
                    {
                        "name": "SH.HIV.1524.MA.ZS",
                        "type": "String"
                    },
                    {
                        "name": "SH.HIV.1524.FE.ZS",
                        "type": "String"
                    },
                    {
                        "name": "SH.HIV.0014",
                        "type": "String"
                    },
                    {
                        "name": "SH.H2O.SMDW.ZS",
                        "type": "String"
                    },
                    {
                        "name": "SH.H2O.SMDW.UR.ZS",
                        "type": "String"
                    },
                    {
                        "name": "SH.H2O.SMDW.RU.ZS",
                        "type": "String"
                    },
                    {
                        "name": "SH.H2O.BASW.ZS",
                        "type": "String"
                    },
                    {
                        "name": "SH.H2O.BASW.UR.ZS",
                        "type": "String"
                    },
                    {
                        "name": "SH.H2O.BASW.RU.ZS",
                        "type": "String"
                    },
                    {
                        "name": "SH.FPL.SATM.ZS",
                        "type": "String"
                    },
                    {
                        "name": "SH.DYN.NMRT",
                        "type": "String"
                    },
                    {
                        "name": "SH.DYN.NCOM.ZS",
                        "type": "String"
                    },
                    {
                        "name": "SH.DYN.MORT.MA",
                        "type": "String"
                    },
                    {
                        "name": "SH.DYN.MORT.FE",
                        "type": "String"
                    },
                    {
                        "name": "SH.DYN.MORT",
                        "type": "String"
                    },
                    {
                        "name": "SH.DYN.AIDS.ZS",
                        "type": "String"
                    },
                    {
                        "name": "SH.DYN.AIDS.FE.ZS",
                        "type": "String"
                    },
                    {
                        "name": "SH.DYN.0514",
                        "type": "String"
                    },
                    {
                        "name": "SH.DTH.NMRT",
                        "type": "String"
                    },
                    {
                        "name": "SH.DTH.NCOM.ZS",
                        "type": "String"
                    },
                    {
                        "name": "SH.DTH.MORT",
                        "type": "String"
                    },
                    {
                        "name": "SH.DTH.INJR.ZS",
                        "type": "String"
                    },
                    {
                        "name": "SH.DTH.IMRT",
                        "type": "String"
                    },
                    {
                        "name": "SH.DTH.COMM.ZS",
                        "type": "String"
                    },
                    {
                        "name": "SH.DTH.0514",
                        "type": "String"
                    },
                    {
                        "name": "SH.CON.1524.MA.ZS",
                        "type": "String"
                    },
                    {
                        "name": "SH.CON.1524.FE.ZS",
                        "type": "String"
                    },
                    {
                        "name": "SH.ANM.NPRG.ZS",
                        "type": "String"
                    },
                    {
                        "name": "SH.ANM.CHLD.ZS",
                        "type": "String"
                    },
                    {
                        "name": "SH.ANM.ALLW.ZS",
                        "type": "String"
                    },
                    {
                        "name": "SH.ALC.PCAP.LI",
                        "type": "String"
                    }
                ],
                "typeProperties": {
                    "format": {
                        "type": "TextFormat",
                        "columnDelimiter": ",",
                        "rowDelimiter": "",
                        "nullValue": "\\N",
                        "encodingName": "Windows-1252",
                        "treatEmptyAsNull": true,
                        "skipLineCount": 0,
                        "firstRowAsHeader": true
                    },
                    "fileName": "[parameters('ABS_WDI_Health_Indicators_properties_typeProperties_fileName')]",
                    "folderPath": "[parameters('ABS_WDI_Health_Indicators_properties_typeProperties_folderPath')]"
                }
            },
            "dependsOn": [
                "[concat(variables('factoryId'), '/linkedServices/ABS_WDI')]"
            ]
        },
        {
            "name": "[concat(parameters('factoryName'), '/SQL_WDI_Health_Countries')]",
            "type": "Microsoft.DataFactory/factories/datasets",
            "apiVersion": "2018-06-01",
            "properties": {
                "linkedServiceName": {
                    "referenceName": "SQL_WDI",
                    "type": "LinkedServiceReference"
                },
                "annotations": [],
                "type": "AzureSqlTable",
                "structure": [
                    {
                        "name": "CountryCode",
                        "type": "String"
                    },
                    {
                        "name": "ShortName",
                        "type": "String"
                    },
                    {
                        "name": "LongName",
                        "type": "String"
                    },
                    {
                        "name": "Region",
                        "type": "String"
                    },
                    {
                        "name": "IncomeGroup",
                        "type": "String"
                    }
                ],
                "typeProperties": {
                    "tableName": "[concat('[', 'WDI].[Health_Countries]')]"
                }
            },
            "dependsOn": [
                "[concat(variables('factoryId'), '/linkedServices/SQL_WDI')]"
            ]
        },
        {
            "name": "[concat(parameters('factoryName'), '/SQL_WDI_Health_Indicators')]",
            "type": "Microsoft.DataFactory/factories/datasets",
            "apiVersion": "2018-06-01",
            "properties": {
                "linkedServiceName": {
                    "referenceName": "SQL_WDI",
                    "type": "LinkedServiceReference"
                },
                "annotations": [],
                "type": "AzureSqlTable",
                "structure": [
                    {
                        "name": "CountryCode",
                        "type": "String"
                    },
                    {
                        "name": "Year",
                        "type": "Int32"
                    },
                    {
                        "name": "SH.XPD.PVTD.PP.CD",
                        "type": "Double"
                    },
                    {
                        "name": "SH.XPD.PVTD.PC.CD",
                        "type": "Double"
                    },
                    {
                        "name": "SH.XPD.PVTD.CH.ZS",
                        "type": "Double"
                    },
                    {
                        "name": "SH.XPD.OOPC.PP.CD",
                        "type": "Double"
                    },
                    {
                        "name": "SH.XPD.OOPC.PC.CD",
                        "type": "Double"
                    },
                    {
                        "name": "SH.XPD.OOPC.CH.ZS",
                        "type": "Double"
                    },
                    {
                        "name": "SH.XPD.GHED.PP.CD",
                        "type": "Double"
                    },
                    {
                        "name": "SH.XPD.GHED.PC.CD",
                        "type": "Double"
                    },
                    {
                        "name": "SH.XPD.GHED.GE.ZS",
                        "type": "Double"
                    },
                    {
                        "name": "SH.XPD.GHED.GD.ZS",
                        "type": "Double"
                    },
                    {
                        "name": "SH.XPD.GHED.CH.ZS",
                        "type": "Double"
                    },
                    {
                        "name": "SH.XPD.EHEX.PP.CD",
                        "type": "Double"
                    },
                    {
                        "name": "SH.XPD.EHEX.PC.CD",
                        "type": "Double"
                    },
                    {
                        "name": "SH.XPD.EHEX.CH.ZS",
                        "type": "Double"
                    },
                    {
                        "name": "SH.XPD.CHEX.PP.CD",
                        "type": "Double"
                    },
                    {
                        "name": "SH.XPD.CHEX.PC.CD",
                        "type": "Double"
                    },
                    {
                        "name": "SH.XPD.CHEX.GD.ZS",
                        "type": "Double"
                    },
                    {
                        "name": "SH.VAC.TTNS.ZS",
                        "type": "Double"
                    },
                    {
                        "name": "SH.UHC.SRVS.CV.XD",
                        "type": "Double"
                    },
                    {
                        "name": "SH.UHC.OOPC.25.ZS",
                        "type": "Double"
                    },
                    {
                        "name": "SH.UHC.OOPC.25.TO",
                        "type": "Double"
                    },
                    {
                        "name": "SH.UHC.OOPC.10.ZS",
                        "type": "Double"
                    },
                    {
                        "name": "SH.UHC.OOPC.10.TO",
                        "type": "Double"
                    },
                    {
                        "name": "SH.UHC.NOP2.ZS",
                        "type": "Double"
                    },
                    {
                        "name": "SH.UHC.NOP2.ZG",
                        "type": "Double"
                    },
                    {
                        "name": "SH.UHC.NOP2.TO",
                        "type": "Double"
                    },
                    {
                        "name": "SH.UHC.NOP2.CG",
                        "type": "Double"
                    },
                    {
                        "name": "SH.UHC.NOP1.ZS",
                        "type": "Double"
                    },
                    {
                        "name": "SH.UHC.NOP1.ZG",
                        "type": "Double"
                    },
                    {
                        "name": "SH.UHC.NOP1.TO",
                        "type": "Double"
                    },
                    {
                        "name": "SH.UHC.NOP1.CG",
                        "type": "Double"
                    },
                    {
                        "name": "SH.TBS.INCD",
                        "type": "Double"
                    },
                    {
                        "name": "SH.TBS.DTEC.ZS",
                        "type": "Double"
                    },
                    {
                        "name": "SH.TBS.CURE.ZS",
                        "type": "Double"
                    },
                    {
                        "name": "SH.SVR.WAST.ZS",
                        "type": "Double"
                    },
                    {
                        "name": "SH.SVR.WAST.MA.ZS",
                        "type": "Double"
                    },
                    {
                        "name": "SH.SVR.WAST.FE.ZS",
                        "type": "Double"
                    },
                    {
                        "name": "SH.STA.WAST.ZS",
                        "type": "Double"
                    },
                    {
                        "name": "SH.STA.WAST.MA.ZS",
                        "type": "Double"
                    },
                    {
                        "name": "SH.STA.WAST.FE.ZS",
                        "type": "Double"
                    },
                    {
                        "name": "SH.STA.TRAF.P5",
                        "type": "Double"
                    },
                    {
                        "name": "SH.STA.SUIC.P5",
                        "type": "Double"
                    },
                    {
                        "name": "SH.STA.STNT.ZS",
                        "type": "Double"
                    },
                    {
                        "name": "SH.STA.STNT.MA.ZS",
                        "type": "Double"
                    },
                    {
                        "name": "SH.STA.STNT.FE.ZS",
                        "type": "Double"
                    },
                    {
                        "name": "SH.STA.SMSS.ZS",
                        "type": "Double"
                    },
                    {
                        "name": "SH.STA.SMSS.UR.ZS",
                        "type": "Double"
                    },
                    {
                        "name": "SH.STA.SMSS.RU.ZS",
                        "type": "Double"
                    },
                    {
                        "name": "SH.STA.OWGH.ZS",
                        "type": "Double"
                    },
                    {
                        "name": "SH.STA.OWGH.MA.ZS",
                        "type": "Double"
                    },
                    {
                        "name": "SH.STA.OWGH.FE.ZS",
                        "type": "Double"
                    },
                    {
                        "name": "SH.STA.ORTH",
                        "type": "Double"
                    },
                    {
                        "name": "SH.STA.ORCF.ZS",
                        "type": "Double"
                    },
                    {
                        "name": "SH.STA.ODFC.ZS",
                        "type": "Double"
                    },
                    {
                        "name": "SH.STA.ODFC.UR.ZS",
                        "type": "Double"
                    },
                    {
                        "name": "SH.STA.ODFC.RU.ZS",
                        "type": "Double"
                    },
                    {
                        "name": "SH.STA.MMRT.NE",
                        "type": "Double"
                    },
                    {
                        "name": "SH.STA.MMRT",
                        "type": "Double"
                    },
                    {
                        "name": "SH.STA.MALN.ZS",
                        "type": "Double"
                    },
                    {
                        "name": "SH.STA.MALN.MA.ZS",
                        "type": "Double"
                    },
                    {
                        "name": "SH.STA.MALN.FE.ZS",
                        "type": "Double"
                    },
                    {
                        "name": "SH.STA.HYGN.ZS",
                        "type": "Double"
                    },
                    {
                        "name": "SH.STA.HYGN.UR.ZS",
                        "type": "Double"
                    },
                    {
                        "name": "SH.STA.HYGN.RU.ZS",
                        "type": "Double"
                    },
                    {
                        "name": "SH.STA.FGMS.ZS",
                        "type": "Double"
                    },
                    {
                        "name": "SH.STA.DIAB.ZS",
                        "type": "Double"
                    },
                    {
                        "name": "SH.STA.BRTW.ZS",
                        "type": "Double"
                    },
                    {
                        "name": "SH.STA.BRTC.ZS",
                        "type": "Double"
                    },
                    {
                        "name": "SH.STA.BFED.ZS",
                        "type": "Double"
                    },
                    {
                        "name": "SH.STA.BASS.ZS",
                        "type": "Double"
                    },
                    {
                        "name": "SH.STA.BASS.UR.ZS",
                        "type": "Double"
                    },
                    {
                        "name": "SH.STA.BASS.RU.ZS",
                        "type": "Double"
                    },
                    {
                        "name": "SH.STA.ARIC.ZS",
                        "type": "Double"
                    },
                    {
                        "name": "SH.STA.ANVC.ZS",
                        "type": "Double"
                    },
                    {
                        "name": "SH.SGR.PROC.P5",
                        "type": "Double"
                    },
                    {
                        "name": "SH.SGR.IRSK.ZS",
                        "type": "Double"
                    },
                    {
                        "name": "SH.SGR.CRSK.ZS",
                        "type": "Double"
                    },
                    {
                        "name": "SH.PRV.SMOK.MA",
                        "type": "Double"
                    },
                    {
                        "name": "SH.PRV.SMOK.FE",
                        "type": "Double"
                    },
                    {
                        "name": "SH.PRG.ANEM",
                        "type": "Double"
                    },
                    {
                        "name": "SH.MMR.RISK.ZS",
                        "type": "Double"
                    },
                    {
                        "name": "SH.MMR.RISK",
                        "type": "Double"
                    },
                    {
                        "name": "SH.MMR.DTHS",
                        "type": "Double"
                    },
                    {
                        "name": "SH.MLR.TRET.ZS",
                        "type": "Double"
                    },
                    {
                        "name": "SH.MLR.NETS.ZS",
                        "type": "Double"
                    },
                    {
                        "name": "SH.MLR.INCD.P3",
                        "type": "Double"
                    },
                    {
                        "name": "SH.MED.SAOP.P5",
                        "type": "Double"
                    },
                    {
                        "name": "SH.MED.PHYS.ZS",
                        "type": "Double"
                    },
                    {
                        "name": "SH.MED.NUMW.P3",
                        "type": "Double"
                    },
                    {
                        "name": "SH.MED.CMHW.P3",
                        "type": "Double"
                    },
                    {
                        "name": "SH.MED.BEDS.ZS",
                        "type": "Double"
                    },
                    {
                        "name": "SH.IMM.MEAS",
                        "type": "Double"
                    },
                    {
                        "name": "SH.IMM.IDPT",
                        "type": "Double"
                    },
                    {
                        "name": "SH.IMM.HEPB",
                        "type": "Double"
                    },
                    {
                        "name": "SH.HIV.PMTC.ZS",
                        "type": "Double"
                    },
                    {
                        "name": "SH.HIV.INCD.ZS",
                        "type": "Double"
                    },
                    {
                        "name": "SH.HIV.INCD.TL",
                        "type": "Double"
                    },
                    {
                        "name": "SH.HIV.INCD.14",
                        "type": "Double"
                    },
                    {
                        "name": "SH.HIV.INCD",
                        "type": "Double"
                    },
                    {
                        "name": "SH.HIV.ARTC.ZS",
                        "type": "Double"
                    },
                    {
                        "name": "SH.HIV.1524.MA.ZS",
                        "type": "Double"
                    },
                    {
                        "name": "SH.HIV.1524.FE.ZS",
                        "type": "Double"
                    },
                    {
                        "name": "SH.HIV.0014",
                        "type": "Double"
                    },
                    {
                        "name": "SH.H2O.SMDW.ZS",
                        "type": "Double"
                    },
                    {
                        "name": "SH.H2O.SMDW.UR.ZS",
                        "type": "Double"
                    },
                    {
                        "name": "SH.H2O.SMDW.RU.ZS",
                        "type": "Double"
                    },
                    {
                        "name": "SH.H2O.BASW.ZS",
                        "type": "Double"
                    },
                    {
                        "name": "SH.H2O.BASW.UR.ZS",
                        "type": "Double"
                    },
                    {
                        "name": "SH.H2O.BASW.RU.ZS",
                        "type": "Double"
                    },
                    {
                        "name": "SH.FPL.SATM.ZS",
                        "type": "Double"
                    },
                    {
                        "name": "SH.DYN.NMRT",
                        "type": "Double"
                    },
                    {
                        "name": "SH.DYN.NCOM.ZS",
                        "type": "Double"
                    },
                    {
                        "name": "SH.DYN.MORT.MA",
                        "type": "Double"
                    },
                    {
                        "name": "SH.DYN.MORT.FE",
                        "type": "Double"
                    },
                    {
                        "name": "SH.DYN.MORT",
                        "type": "Double"
                    },
                    {
                        "name": "SH.DYN.AIDS.ZS",
                        "type": "Double"
                    },
                    {
                        "name": "SH.DYN.AIDS.FE.ZS",
                        "type": "Double"
                    },
                    {
                        "name": "SH.DYN.0514",
                        "type": "Double"
                    },
                    {
                        "name": "SH.DTH.NMRT",
                        "type": "Double"
                    },
                    {
                        "name": "SH.DTH.NCOM.ZS",
                        "type": "Double"
                    },
                    {
                        "name": "SH.DTH.MORT",
                        "type": "Double"
                    },
                    {
                        "name": "SH.DTH.INJR.ZS",
                        "type": "Double"
                    },
                    {
                        "name": "SH.DTH.IMRT",
                        "type": "Double"
                    },
                    {
                        "name": "SH.DTH.COMM.ZS",
                        "type": "Double"
                    },
                    {
                        "name": "SH.DTH.0514",
                        "type": "Double"
                    },
                    {
                        "name": "SH.CON.1524.MA.ZS",
                        "type": "Double"
                    },
                    {
                        "name": "SH.CON.1524.FE.ZS",
                        "type": "Double"
                    },
                    {
                        "name": "SH.ANM.NPRG.ZS",
                        "type": "Double"
                    },
                    {
                        "name": "SH.ANM.CHLD.ZS",
                        "type": "Double"
                    },
                    {
                        "name": "SH.ANM.ALLW.ZS",
                        "type": "Double"
                    },
                    {
                        "name": "SH.ALC.PCAP.LI",
                        "type": "Double"
                    },
                    {
                        "name": "SN.ITK.VITA.ZS",
                        "type": "Double"
                    },
                    {
                        "name": "SN.ITK.SALT.ZS",
                        "type": "Double"
                    },
                    {
                        "name": "SN.ITK.DFCT",
                        "type": "Double"
                    },
                    {
                        "name": "SN.ITK.DEFC.ZS",
                        "type": "Double"
                    },
                    {
                        "name": "SP.UWT.TFRT",
                        "type": "Double"
                    },
                    {
                        "name": "SP.REG.DTHS.ZS",
                        "type": "Double"
                    },
                    {
                        "name": "SP.REG.BRTH.ZS",
                        "type": "Double"
                    },
                    {
                        "name": "SP.REG.BRTH.UR.ZS",
                        "type": "Double"
                    },
                    {
                        "name": "SP.REG.BRTH.RU.ZS",
                        "type": "Double"
                    },
                    {
                        "name": "SP.REG.BRTH.MA.ZS",
                        "type": "Double"
                    },
                    {
                        "name": "SP.REG.BRTH.FE.ZS",
                        "type": "Double"
                    },
                    {
                        "name": "SP.POP.TOTL.MA.ZS",
                        "type": "Double"
                    },
                    {
                        "name": "SP.POP.TOTL.MA.IN",
                        "type": "Double"
                    },
                    {
                        "name": "SP.POP.TOTL.FE.ZS",
                        "type": "Double"
                    },
                    {
                        "name": "SP.POP.TOTL.FE.IN",
                        "type": "Double"
                    },
                    {
                        "name": "SP.POP.TOTL",
                        "type": "Double"
                    },
                    {
                        "name": "SP.POP.GROW",
                        "type": "Double"
                    },
                    {
                        "name": "SP.POP.DPND.YG",
                        "type": "Double"
                    },
                    {
                        "name": "SP.POP.DPND.OL",
                        "type": "Double"
                    },
                    {
                        "name": "SP.POP.DPND",
                        "type": "Double"
                    },
                    {
                        "name": "SP.POP.BRTH.MF",
                        "type": "Double"
                    },
                    {
                        "name": "SP.POP.80UP.MA.5Y",
                        "type": "Double"
                    },
                    {
                        "name": "SP.POP.80UP.FE.5Y",
                        "type": "Double"
                    },
                    {
                        "name": "SP.POP.7579.MA.5Y",
                        "type": "Double"
                    },
                    {
                        "name": "SP.POP.7579.FE.5Y",
                        "type": "Double"
                    },
                    {
                        "name": "SP.POP.7074.MA.5Y",
                        "type": "Double"
                    },
                    {
                        "name": "SP.POP.7074.FE.5Y",
                        "type": "Double"
                    },
                    {
                        "name": "SP.POP.65UP.TO.ZS",
                        "type": "Double"
                    },
                    {
                        "name": "SP.POP.65UP.TO",
                        "type": "Double"
                    },
                    {
                        "name": "SP.POP.65UP.MA.ZS",
                        "type": "Double"
                    },
                    {
                        "name": "SP.POP.65UP.MA.IN",
                        "type": "Double"
                    },
                    {
                        "name": "SP.POP.65UP.FE.ZS",
                        "type": "Double"
                    },
                    {
                        "name": "SP.POP.65UP.FE.IN",
                        "type": "Double"
                    },
                    {
                        "name": "SP.POP.6569.MA.5Y",
                        "type": "Double"
                    },
                    {
                        "name": "SP.POP.6569.FE.5Y",
                        "type": "Double"
                    },
                    {
                        "name": "SP.POP.6064.MA.5Y",
                        "type": "Double"
                    },
                    {
                        "name": "SP.POP.6064.FE.5Y",
                        "type": "Double"
                    },
                    {
                        "name": "SP.POP.5559.MA.5Y",
                        "type": "Double"
                    },
                    {
                        "name": "SP.POP.5559.FE.5Y",
                        "type": "Double"
                    },
                    {
                        "name": "SP.POP.5054.MA.5Y",
                        "type": "Double"
                    },
                    {
                        "name": "SP.POP.5054.FE.5Y",
                        "type": "Double"
                    },
                    {
                        "name": "SP.POP.4549.MA.5Y",
                        "type": "Double"
                    },
                    {
                        "name": "SP.POP.4549.FE.5Y",
                        "type": "Double"
                    },
                    {
                        "name": "SP.POP.4044.MA.5Y",
                        "type": "Double"
                    },
                    {
                        "name": "SP.POP.4044.FE.5Y",
                        "type": "Double"
                    },
                    {
                        "name": "SP.POP.3539.MA.5Y",
                        "type": "Double"
                    },
                    {
                        "name": "SP.POP.3539.FE.5Y",
                        "type": "Double"
                    },
                    {
                        "name": "SP.POP.3034.MA.5Y",
                        "type": "Double"
                    },
                    {
                        "name": "SP.POP.3034.FE.5Y",
                        "type": "Double"
                    },
                    {
                        "name": "SP.POP.2529.MA.5Y",
                        "type": "Double"
                    },
                    {
                        "name": "SP.POP.2529.FE.5Y",
                        "type": "Double"
                    },
                    {
                        "name": "SP.POP.2024.MA.5Y",
                        "type": "Double"
                    },
                    {
                        "name": "SP.POP.2024.FE.5Y",
                        "type": "Double"
                    },
                    {
                        "name": "SP.POP.1564.TO.ZS",
                        "type": "Double"
                    },
                    {
                        "name": "SP.POP.1564.TO",
                        "type": "Double"
                    },
                    {
                        "name": "SP.POP.1564.MA.ZS",
                        "type": "Double"
                    },
                    {
                        "name": "SP.POP.1564.MA.IN",
                        "type": "Double"
                    },
                    {
                        "name": "SP.POP.1564.FE.ZS",
                        "type": "Double"
                    },
                    {
                        "name": "SP.POP.1564.FE.IN",
                        "type": "Double"
                    },
                    {
                        "name": "SP.POP.1519.MA.5Y",
                        "type": "Double"
                    },
                    {
                        "name": "SP.POP.1519.FE.5Y",
                        "type": "Double"
                    },
                    {
                        "name": "SP.POP.1014.MA.5Y",
                        "type": "Double"
                    },
                    {
                        "name": "SP.POP.1014.FE.5Y",
                        "type": "Double"
                    },
                    {
                        "name": "SP.POP.0509.MA.5Y",
                        "type": "Double"
                    },
                    {
                        "name": "SP.POP.0509.FE.5Y",
                        "type": "Double"
                    },
                    {
                        "name": "SP.POP.0014.TO.ZS",
                        "type": "Double"
                    },
                    {
                        "name": "SP.POP.0014.TO",
                        "type": "Double"
                    },
                    {
                        "name": "SP.POP.0014.MA.ZS",
                        "type": "Double"
                    },
                    {
                        "name": "SP.POP.0014.MA.IN",
                        "type": "Double"
                    },
                    {
                        "name": "SP.POP.0014.FE.ZS",
                        "type": "Double"
                    },
                    {
                        "name": "SP.POP.0014.FE.IN",
                        "type": "Double"
                    },
                    {
                        "name": "SP.POP.0004.MA.5Y",
                        "type": "Double"
                    },
                    {
                        "name": "SP.POP.0004.FE.5Y",
                        "type": "Double"
                    },
                    {
                        "name": "SP.MTR.1519.ZS",
                        "type": "Double"
                    },
                    {
                        "name": "SP.M18.2024.FE.ZS",
                        "type": "Double"
                    },
                    {
                        "name": "SP.HOU.FEMA.ZS",
                        "type": "Double"
                    },
                    {
                        "name": "SP.DYN.WFRT",
                        "type": "Double"
                    },
                    {
                        "name": "SP.DYN.TO65.MA.ZS",
                        "type": "Double"
                    },
                    {
                        "name": "SP.DYN.TO65.FE.ZS",
                        "type": "Double"
                    },
                    {
                        "name": "SP.DYN.TFRT.IN",
                        "type": "Double"
                    },
                    {
                        "name": "SP.DYN.LE00.MA.IN",
                        "type": "Double"
                    },
                    {
                        "name": "SP.DYN.LE00.IN",
                        "type": "Double"
                    },
                    {
                        "name": "SP.DYN.LE00.FE.IN",
                        "type": "Double"
                    },
                    {
                        "name": "SP.DYN.IMRT.MA.IN",
                        "type": "Double"
                    },
                    {
                        "name": "SP.DYN.IMRT.IN",
                        "type": "Double"
                    },
                    {
                        "name": "SP.DYN.IMRT.FE.IN",
                        "type": "Double"
                    },
                    {
                        "name": "SP.DYN.CONU.ZS",
                        "type": "Double"
                    },
                    {
                        "name": "SP.DYN.CONM.ZS",
                        "type": "Double"
                    },
                    {
                        "name": "SP.DYN.CDRT.IN",
                        "type": "Double"
                    },
                    {
                        "name": "SP.DYN.CBRT.IN",
                        "type": "Double"
                    },
                    {
                        "name": "SP.DYN.AMRT.MA",
                        "type": "Double"
                    },
                    {
                        "name": "SP.DYN.AMRT.FE",
                        "type": "Double"
                    },
                    {
                        "name": "SP.DTH.REPT.ZS",
                        "type": "Double"
                    },
                    {
                        "name": "SP.DTH.INFR.ZS",
                        "type": "Double"
                    },
                    {
                        "name": "SP.ADO.TFRT",
                        "type": "Double"
                    }
                ],
                "typeProperties": {
                    "tableName": "[concat('[', 'WDI].[Health_Indicators]')]"
                }
            },
            "dependsOn": [
                "[concat(variables('factoryId'), '/linkedServices/SQL_WDI')]"
            ]
        },
        {
            "name": "[concat(parameters('factoryName'), '/ABS_WDI')]",
            "type": "Microsoft.DataFactory/factories/linkedServices",
            "apiVersion": "2018-06-01",
            "properties": {
                "annotations": [],
                "type": "AzureBlobStorage",
                "typeProperties": {
                    "connectionString": "[parameters('ABS_WDI_connectionString')]"
                }
            },
            "dependsOn": []
        },
        {
            "name": "[concat(parameters('factoryName'), '/SQL_WDI')]",
            "type": "Microsoft.DataFactory/factories/linkedServices",
            "apiVersion": "2018-06-01",
            "properties": {
                "annotations": [],
                "type": "AzureSqlDatabase",
                "typeProperties": {
                    "connectionString": "[parameters('SQL_WDI_connectionString')]"
                }
            },
            "dependsOn": []
        }
    ]
}